北海道,札幌市中央区,指定なし
北海道,札幌市中央区,旭ケ丘
北海道,札幌市中央区,大通東
北海道,札幌市中央区,大通西
北海道,札幌市中央区,北一条東
北海道,札幌市中央区,北一条西
北海道,札幌市中央区,北二条東
北海道,札幌市中央区,北二条西
北海道,札幌市中央区,北三条東
北海道,札幌市中央区,北三条西
北海道,札幌市中央区,北四条東
北海道,札幌市中央区,北四条西
北海道,札幌市中央区,北五条東
北海道,札幌市中央区,北五条西
北海道,札幌市中央区,北六条西
北海道,札幌市中央区,北七条西
北海道,札幌市中央区,北八条西
北海道,札幌市中央区,北九条西
北海道,札幌市中央区,北十条西
北海道,札幌市中央区,北十一条西
北海道,札幌市中央区,北十二条西
北海道,札幌市中央区,北十三条西
北海道,札幌市中央区,北十四条西
北海道,札幌市中央区,北十五条西
北海道,札幌市中央区,北十六条西
北海道,札幌市中央区,北十七条西
北海道,札幌市中央区,北十八条西
北海道,札幌市中央区,北二十条西
北海道,札幌市中央区,北二十一条西
北海道,札幌市中央区,北二十二条西
北海道,札幌市中央区,界川
北海道,札幌市中央区,中島公園
北海道,札幌市中央区,盤渓
北海道,札幌市中央区,伏見
北海道,札幌市中央区,双子山
北海道,札幌市中央区,円山西町
北海道,札幌市中央区,南一条東
北海道,札幌市中央区,南一条西
北海道,札幌市中央区,南二条東
北海道,札幌市中央区,南二条西
北海道,札幌市中央区,南三条東
北海道,札幌市中央区,南三条西
北海道,札幌市中央区,南四条東
北海道,札幌市中央区,南四条西
北海道,札幌市中央区,南五条東
北海道,札幌市中央区,南五条西
北海道,札幌市中央区,南六条東
北海道,札幌市中央区,南六条西
北海道,札幌市中央区,南七条東
北海道,札幌市中央区,南七条西
北海道,札幌市中央区,南八条西
北海道,札幌市中央区,南九条西
北海道,札幌市中央区,南十条西
北海道,札幌市中央区,南十一条西
北海道,札幌市中央区,南十二条西
北海道,札幌市中央区,南十三条西
北海道,札幌市中央区,南十四条西
北海道,札幌市中央区,南十五条西
北海道,札幌市中央区,南十六条西
北海道,札幌市中央区,南十七条西
北海道,札幌市中央区,南十八条西
北海道,札幌市中央区,南十九条西
北海道,札幌市中央区,南二十条西
北海道,札幌市中央区,南二十一条西
北海道,札幌市中央区,南二十二条西
北海道,札幌市中央区,南二十三条西
北海道,札幌市中央区,南二十四条西
北海道,札幌市中央区,南二十五条西
北海道,札幌市中央区,南二十六条西
北海道,札幌市中央区,南二十七条西
北海道,札幌市中央区,南二十八条西
北海道,札幌市中央区,南二十九条西
北海道,札幌市中央区,南三十条西
北海道,札幌市中央区,宮ケ丘
北海道,札幌市中央区,宮の森
北海道,札幌市中央区,宮の森一条
北海道,札幌市中央区,宮の森二条
北海道,札幌市中央区,宮の森三条
北海道,札幌市中央区,宮の森四条
北海道,札幌市北区,指定なし
北海道,札幌市北区,あいの里一条
北海道,札幌市北区,あいの里二条
北海道,札幌市北区,あいの里三条
北海道,札幌市北区,あいの里四条
北海道,札幌市北区,あいの里五条
北海道,札幌市北区,麻生町
北海道,札幌市北区,北六条西
北海道,札幌市北区,北七条西
北海道,札幌市北区,北八条西
北海道,札幌市北区,北九条西
北海道,札幌市北区,北十条西
北海道,札幌市北区,北十一条西
北海道,札幌市北区,北十二条西
北海道,札幌市北区,北十三条西
北海道,札幌市北区,北十四条西
北海道,札幌市北区,北十五条西
北海道,札幌市北区,北十六条西
北海道,札幌市北区,北十七条西
北海道,札幌市北区,北十八条西
北海道,札幌市北区,北十九条西
北海道,札幌市北区,北二十条西
北海道,札幌市北区,北二十一条西
北海道,札幌市北区,北二十二条西
北海道,札幌市北区,北二十三条西
北海道,札幌市北区,北二十四条西
北海道,札幌市北区,北二十五条西
北海道,札幌市北区,北二十六条西
北海道,札幌市北区,北二十七条西
北海道,札幌市北区,北二十八条西
北海道,札幌市北区,北二十九条西
北海道,札幌市北区,北三十条西
北海道,札幌市北区,北三十一条西
北海道,札幌市北区,北三十二条西
北海道,札幌市北区,北三十三条西
北海道,札幌市北区,北三十四条西
北海道,札幌市北区,北三十五条西
北海道,札幌市北区,北三十六条西
北海道,札幌市北区,北三十七条西
北海道,札幌市北区,北三十八条西
北海道,札幌市北区,北三十九条西
北海道,札幌市北区,北四十条西
北海道,札幌市北区,篠路一条
北海道,札幌市北区,篠路二条
北海道,札幌市北区,篠路三条
北海道,札幌市北区,篠路四条
北海道,札幌市北区,篠路五条
北海道,札幌市北区,篠路六条
北海道,札幌市北区,篠路七条
北海道,札幌市北区,篠路八条
北海道,札幌市北区,篠路九条
北海道,札幌市北区,篠路十条
北海道,札幌市北区,篠路町上篠路
北海道,札幌市北区,篠路町篠路
北海道,札幌市北区,篠路町太平
北海道,札幌市北区,篠路町拓北
北海道,札幌市北区,篠路町福移
北海道,札幌市北区,新川
北海道,札幌市北区,新川一条
北海道,札幌市北区,新川二条
北海道,札幌市北区,新川三条
北海道,札幌市北区,新川四条
北海道,札幌市北区,新川五条
北海道,札幌市北区,新川六条
北海道,札幌市北区,新川七条
北海道,札幌市北区,新川八条
北海道,札幌市北区,新川西一条
北海道,札幌市北区,新川西二条
北海道,札幌市北区,新川西三条
北海道,札幌市北区,新川西四条
北海道,札幌市北区,新川西五条
北海道,札幌市北区,新琴似一条
北海道,札幌市北区,新琴似二条
北海道,札幌市北区,新琴似三条
北海道,札幌市北区,新琴似四条
北海道,札幌市北区,新琴似五条
北海道,札幌市北区,新琴似六条
北海道,札幌市北区,新琴似七条
北海道,札幌市北区,新琴似八条
北海道,札幌市北区,新琴似九条
北海道,札幌市北区,新琴似十条
北海道,札幌市北区,新琴似十一条
北海道,札幌市北区,新琴似十二条
北海道,札幌市北区,新琴似町
北海道,札幌市北区,太平一条
北海道,札幌市北区,太平二条
北海道,札幌市北区,太平三条
北海道,札幌市北区,太平四条
北海道,札幌市北区,太平五条
北海道,札幌市北区,太平六条
北海道,札幌市北区,太平七条
北海道,札幌市北区,太平八条
北海道,札幌市北区,太平九条
北海道,札幌市北区,太平十条
北海道,札幌市北区,太平十一条
北海道,札幌市北区,太平十二条
北海道,札幌市北区,拓北一条
北海道,札幌市北区,拓北二条
北海道,札幌市北区,拓北三条
北海道,札幌市北区,拓北四条
北海道,札幌市北区,拓北五条
北海道,札幌市北区,拓北六条
北海道,札幌市北区,拓北七条
北海道,札幌市北区,拓北八条
北海道,札幌市北区,屯田一条
北海道,札幌市北区,屯田二条
北海道,札幌市北区,屯田三条
北海道,札幌市北区,屯田四条
北海道,札幌市北区,屯田五条
北海道,札幌市北区,屯田六条
北海道,札幌市北区,屯田七条
北海道,札幌市北区,屯田八条
北海道,札幌市北区,屯田九条
北海道,札幌市北区,屯田十条
北海道,札幌市北区,屯田十一条
北海道,札幌市北区,屯田町
北海道,札幌市北区,西茨戸
北海道,札幌市北区,西茨戸一条
北海道,札幌市北区,西茨戸二条
北海道,札幌市北区,西茨戸三条
北海道,札幌市北区,西茨戸四条
北海道,札幌市北区,西茨戸五条
北海道,札幌市北区,西茨戸六条
北海道,札幌市北区,西茨戸七条
北海道,札幌市北区,東茨戸
北海道,札幌市北区,東茨戸一条
北海道,札幌市北区,東茨戸二条
北海道,札幌市北区,東茨戸三条
北海道,札幌市北区,東茨戸四条
北海道,札幌市北区,南あいの里
北海道,札幌市北区,百合が原
北海道,札幌市北区,百合が原公園
北海道,札幌市東区,指定なし
北海道,札幌市東区,丘珠町
北海道,札幌市東区,北丘珠一条
北海道,札幌市東区,北丘珠二条
北海道,札幌市東区,北丘珠三条
北海道,札幌市東区,北丘珠四条
北海道,札幌市東区,北丘珠五条
北海道,札幌市東区,北丘珠六条
北海道,札幌市東区,北四条東
北海道,札幌市東区,北五条東
北海道,札幌市東区,北六条東
北海道,札幌市東区,北七条東
北海道,札幌市東区,北八条東
北海道,札幌市東区,北九条東
北海道,札幌市東区,北十条東
北海道,札幌市東区,北十一条東
北海道,札幌市東区,北十二条東
北海道,札幌市東区,北十三条東
北海道,札幌市東区,北十四条東
北海道,札幌市東区,北十五条東
北海道,札幌市東区,北十六条東
北海道,札幌市東区,北十七条東
北海道,札幌市東区,北十八条東
北海道,札幌市東区,北十九条東
北海道,札幌市東区,北二十条東
北海道,札幌市東区,北二十一条東
北海道,札幌市東区,北二十二条東
北海道,札幌市東区,北二十三条東
北海道,札幌市東区,北二十四条東
北海道,札幌市東区,北二十五条東
北海道,札幌市東区,北二十六条東
北海道,札幌市東区,北二十七条東
北海道,札幌市東区,北二十八条東
北海道,札幌市東区,北三十条東
北海道,札幌市東区,北三十一条東
北海道,札幌市東区,北三十二条東
北海道,札幌市東区,北三十三条東
北海道,札幌市東区,北三十四条東
北海道,札幌市東区,北三十五条東
北海道,札幌市東区,北三十六条東
北海道,札幌市東区,北三十七条東
北海道,札幌市東区,北三十八条東
北海道,札幌市東区,北三十九条東
北海道,札幌市東区,北四十条東
北海道,札幌市東区,北四十一条東
北海道,札幌市東区,北四十二条東
北海道,札幌市東区,北四十三条東
北海道,札幌市東区,北四十四条東
北海道,札幌市東区,北四十五条東
北海道,札幌市東区,北四十六条東
北海道,札幌市東区,北四十七条東
北海道,札幌市東区,北四十八条東
北海道,札幌市東区,北四十九条東
北海道,札幌市東区,北五十条東
北海道,札幌市東区,北五十一条東
北海道,札幌市東区,栄町
北海道,札幌市東区,苗穂町
北海道,札幌市東区,中沼一条
北海道,札幌市東区,中沼二条
北海道,札幌市東区,中沼三条
北海道,札幌市東区,中沼四条
北海道,札幌市東区,中沼五条
北海道,札幌市東区,中沼六条
北海道,札幌市東区,中沼町
北海道,札幌市東区,中沼西一条
北海道,札幌市東区,中沼西二条
北海道,札幌市東区,中沼西三条
北海道,札幌市東区,中沼西四条
北海道,札幌市東区,中沼西五条
北海道,札幌市東区,東雁来一条
北海道,札幌市東区,東雁来二条
北海道,札幌市東区,東雁来三条
北海道,札幌市東区,東雁来四条
北海道,札幌市東区,東雁来五条
北海道,札幌市東区,東雁来六条
北海道,札幌市東区,東雁来七条
北海道,札幌市東区,東雁来八条
北海道,札幌市東区,東雁来九条
北海道,札幌市東区,東雁来十条
北海道,札幌市東区,東雁来十一条
北海道,札幌市東区,東雁来十二条
北海道,札幌市東区,東雁来十三条
北海道,札幌市東区,東雁来十四条
北海道,札幌市東区,東雁来町
北海道,札幌市東区,東苗穂一条
北海道,札幌市東区,東苗穂二条
北海道,札幌市東区,東苗穂三条
北海道,札幌市東区,東苗穂四条
北海道,札幌市東区,東苗穂五条
北海道,札幌市東区,東苗穂六条
北海道,札幌市東区,東苗穂七条
北海道,札幌市東区,東苗穂八条
北海道,札幌市東区,東苗穂九条
北海道,札幌市東区,東苗穂十条
北海道,札幌市東区,東苗穂十一条
北海道,札幌市東区,東苗穂十二条
北海道,札幌市東区,東苗穂十三条
北海道,札幌市東区,東苗穂十四条
北海道,札幌市東区,東苗穂十五条
北海道,札幌市東区,東苗穂町
北海道,札幌市東区,伏古一条
北海道,札幌市東区,伏古二条
北海道,札幌市東区,伏古三条
北海道,札幌市東区,伏古四条
北海道,札幌市東区,伏古五条
北海道,札幌市東区,伏古六条
北海道,札幌市東区,伏古七条
北海道,札幌市東区,伏古八条
北海道,札幌市東区,伏古九条
北海道,札幌市東区,伏古十条
北海道,札幌市東区,伏古十一条
北海道,札幌市東区,伏古十二条
北海道,札幌市東区,伏古十三条
北海道,札幌市東区,伏古十四条
北海道,札幌市東区,本町一条
北海道,札幌市東区,本町二条
北海道,札幌市東区,モエレ沼公園
北海道,札幌市白石区,指定なし
北海道,札幌市白石区,川北一条
北海道,札幌市白石区,川北二条
北海道,札幌市白石区,川北三条
北海道,札幌市白石区,川北四条
北海道,札幌市白石区,川北五条
北海道,札幌市白石区,川下
北海道,札幌市白石区,川下一条
北海道,札幌市白石区,川下二条
北海道,札幌市白石区,川下三条
北海道,札幌市白石区,川下四条
北海道,札幌市白石区,川下五条
北海道,札幌市白石区,川北
北海道,札幌市白石区,菊水一条
北海道,札幌市白石区,菊水二条
北海道,札幌市白石区,菊水三条
北海道,札幌市白石区,菊水四条
北海道,札幌市白石区,菊水五条
北海道,札幌市白石区,菊水六条
北海道,札幌市白石区,菊水七条
北海道,札幌市白石区,菊水八条
北海道,札幌市白石区,菊水九条
北海道,札幌市白石区,菊水上町一条
北海道,札幌市白石区,菊水上町二条
北海道,札幌市白石区,菊水上町三条
北海道,札幌市白石区,菊水上町四条
北海道,札幌市白石区,菊水元町一条
北海道,札幌市白石区,菊水元町二条
北海道,札幌市白石区,菊水元町三条
北海道,札幌市白石区,菊水元町四条
北海道,札幌市白石区,菊水元町五条
北海道,札幌市白石区,菊水元町六条
北海道,札幌市白石区,菊水元町七条
北海道,札幌市白石区,菊水元町八条
北海道,札幌市白石区,菊水元町九条
北海道,札幌市白石区,菊水元町十条
北海道,札幌市白石区,北郷
北海道,札幌市白石区,北郷一条
北海道,札幌市白石区,北郷二条
北海道,札幌市白石区,北郷三条
北海道,札幌市白石区,北郷四条
北海道,札幌市白石区,北郷五条
北海道,札幌市白石区,北郷六条
北海道,札幌市白石区,北郷七条
北海道,札幌市白石区,北郷八条
北海道,札幌市白石区,北郷九条
北海道,札幌市白石区,北郷十条
北海道,札幌市白石区,栄通
北海道,札幌市白石区,中央一条
北海道,札幌市白石区,中央二条
北海道,札幌市白石区,中央三条
北海道,札幌市白石区,南郷通
北海道,札幌市白石区,東札幌一条
北海道,札幌市白石区,東札幌二条
北海道,札幌市白石区,東札幌三条
北海道,札幌市白石区,東札幌四条
北海道,札幌市白石区,東札幌五条
北海道,札幌市白石区,東札幌六条
北海道,札幌市白石区,東米里
北海道,札幌市白石区,平和通
北海道,札幌市白石区,本郷通
北海道,札幌市白石区,本通
北海道,札幌市白石区,米里一条
北海道,札幌市白石区,米里二条
北海道,札幌市白石区,米里三条
北海道,札幌市白石区,米里四条
北海道,札幌市白石区,米里五条
北海道,札幌市白石区,流通センター
北海道,札幌市豊平区,指定なし
北海道,札幌市豊平区,旭町
北海道,札幌市豊平区,水車町
北海道,札幌市豊平区,月寒中央通
北海道,札幌市豊平区,月寒西一条
北海道,札幌市豊平区,月寒西二条
北海道,札幌市豊平区,月寒西三条
北海道,札幌市豊平区,月寒西四条
北海道,札幌市豊平区,月寒西五条
北海道,札幌市豊平区,月寒東一条
北海道,札幌市豊平区,月寒東二条
北海道,札幌市豊平区,月寒東三条
北海道,札幌市豊平区,月寒東四条
北海道,札幌市豊平区,月寒東五条
北海道,札幌市豊平区,豊平一条
北海道,札幌市豊平区,豊平二条
北海道,札幌市豊平区,豊平三条
北海道,札幌市豊平区,豊平四条
北海道,札幌市豊平区,豊平五条
北海道,札幌市豊平区,豊平六条
北海道,札幌市豊平区,豊平七条
北海道,札幌市豊平区,豊平八条
北海道,札幌市豊平区,豊平九条
北海道,札幌市豊平区,中の島一条
北海道,札幌市豊平区,中の島二条
北海道,札幌市豊平区,西岡
北海道,札幌市豊平区,西岡一条
北海道,札幌市豊平区,西岡二条
北海道,札幌市豊平区,西岡三条
北海道,札幌市豊平区,西岡四条
北海道,札幌市豊平区,西岡五条
北海道,札幌市豊平区,羊ケ丘
北海道,札幌市豊平区,平岸一条
北海道,札幌市豊平区,平岸二条
北海道,札幌市豊平区,平岸三条
北海道,札幌市豊平区,平岸四条
北海道,札幌市豊平区,平岸五条
北海道,札幌市豊平区,平岸六条
北海道,札幌市豊平区,平岸七条
北海道,札幌市豊平区,平岸八条
北海道,札幌市豊平区,福住一条
北海道,札幌市豊平区,福住二条
北海道,札幌市豊平区,福住三条
北海道,札幌市豊平区,美園一条
北海道,札幌市豊平区,美園二条
北海道,札幌市豊平区,美園三条
北海道,札幌市豊平区,美園四条
北海道,札幌市豊平区,美園五条
北海道,札幌市豊平区,美園六条
北海道,札幌市豊平区,美園七条
北海道,札幌市豊平区,美園八条
北海道,札幌市豊平区,美園九条
北海道,札幌市豊平区,美園十条
北海道,札幌市豊平区,美園十一条
北海道,札幌市豊平区,美園十二条
北海道,札幌市南区,指定なし
北海道,札幌市南区,石山
北海道,札幌市南区,石山東
北海道,札幌市南区,石山一条
北海道,札幌市南区,石山二条
北海道,札幌市南区,石山三条
北海道,札幌市南区,石山四条
北海道,札幌市南区,川沿一条
北海道,札幌市南区,川沿二条
北海道,札幌市南区,川沿三条
北海道,札幌市南区,川沿四条
北海道,札幌市南区,川沿五条
北海道,札幌市南区,川沿六条
北海道,札幌市南区,川沿七条
北海道,札幌市南区,川沿八条
北海道,札幌市南区,川沿九条
北海道,札幌市南区,川沿十条
北海道,札幌市南区,川沿十一条
北海道,札幌市南区,川沿十二条
北海道,札幌市南区,川沿十三条
北海道,札幌市南区,川沿十四条
北海道,札幌市南区,川沿十五条
北海道,札幌市南区,川沿十六条
北海道,札幌市南区,川沿十七条
北海道,札幌市南区,川沿十八条
北海道,札幌市南区,北ノ沢
北海道,札幌市南区,芸術の森
北海道,札幌市南区,小金湯
北海道,札幌市南区,定山渓
北海道,札幌市南区,定山渓温泉東
北海道,札幌市南区,定山渓温泉西
北海道,札幌市南区,白川
北海道,札幌市南区,澄川
北海道,札幌市南区,澄川一条
北海道,札幌市南区,澄川二条
北海道,札幌市南区,澄川三条
北海道,札幌市南区,澄川四条
北海道,札幌市南区,澄川五条
北海道,札幌市南区,澄川六条
北海道,札幌市南区,滝野
北海道,札幌市南区,砥石山
北海道,札幌市南区,常盤
北海道,札幌市南区,常盤一条
北海道,札幌市南区,常盤二条
北海道,札幌市南区,常盤三条
北海道,札幌市南区,常盤四条
北海道,札幌市南区,常盤五条
北海道,札幌市南区,常盤六条
北海道,札幌市南区,砥山
北海道,札幌市南区,豊滝
北海道,札幌市南区,中ノ沢
北海道,札幌市南区,藤野
北海道,札幌市南区,藤野一条
北海道,札幌市南区,藤野二条
北海道,札幌市南区,藤野三条
北海道,札幌市南区,藤野四条
北海道,札幌市南区,藤野五条
北海道,札幌市南区,藤野六条
北海道,札幌市南区,真駒内
北海道,札幌市南区,真駒内曙町
北海道,札幌市南区,真駒内泉町
北海道,札幌市南区,真駒内柏丘
北海道,札幌市南区,真駒内上町
北海道,札幌市南区,真駒内幸町
北海道,札幌市南区,真駒内東町
北海道,札幌市南区,真駒内本町
北海道,札幌市南区,真駒内緑町
北海道,札幌市南区,真駒内南町
北海道,札幌市南区,真駒内公園
北海道,札幌市南区,簾舞一条
北海道,札幌市南区,簾舞二条
北海道,札幌市南区,簾舞三条
北海道,札幌市南区,簾舞四条
北海道,札幌市南区,簾舞五条
北海道,札幌市南区,簾舞六条
北海道,札幌市南区,簾舞
北海道,札幌市南区,南沢
北海道,札幌市南区,南沢一条
北海道,札幌市南区,南沢二条
北海道,札幌市南区,南沢三条
北海道,札幌市南区,南沢四条
北海道,札幌市南区,南沢五条
北海道,札幌市南区,南沢六条
北海道,札幌市南区,南三十条西
北海道,札幌市南区,南三十一条西
北海道,札幌市南区,南三十二条西
北海道,札幌市南区,南三十三条西
北海道,札幌市南区,南三十四条西
北海道,札幌市南区,南三十五条西
北海道,札幌市南区,南三十六条西
北海道,札幌市南区,南三十七条西
北海道,札幌市南区,南三十八条西
北海道,札幌市南区,南三十九条西
北海道,札幌市南区,藻岩下
北海道,札幌市南区,藻岩山
北海道,札幌市西区,指定なし
北海道,札幌市西区,琴似一条
北海道,札幌市西区,琴似二条
北海道,札幌市西区,琴似三条
北海道,札幌市西区,琴似四条
北海道,札幌市西区,小別沢
北海道,札幌市西区,西野
北海道,札幌市西区,西野一条
北海道,札幌市西区,西野二条
北海道,札幌市西区,西野三条
北海道,札幌市西区,西野四条
北海道,札幌市西区,西野五条
北海道,札幌市西区,西野六条
北海道,札幌市西区,西野七条
北海道,札幌市西区,西野八条
北海道,札幌市西区,西野九条
北海道,札幌市西区,西野十条
北海道,札幌市西区,西野十一条
北海道,札幌市西区,西野十二条
北海道,札幌市西区,西野十三条
北海道,札幌市西区,西野十四条
北海道,札幌市西区,西町南
北海道,札幌市西区,西町北
北海道,札幌市西区,二十四軒一条
北海道,札幌市西区,二十四軒二条
北海道,札幌市西区,二十四軒三条
北海道,札幌市西区,二十四軒四条
北海道,札幌市西区,八軒一条東
北海道,札幌市西区,八軒一条西
北海道,札幌市西区,八軒二条東
北海道,札幌市西区,八軒二条西
北海道,札幌市西区,八軒三条東
北海道,札幌市西区,八軒三条西
北海道,札幌市西区,八軒四条東
北海道,札幌市西区,八軒四条西
北海道,札幌市西区,八軒五条東
北海道,札幌市西区,八軒五条西
北海道,札幌市西区,八軒六条東
北海道,札幌市西区,八軒六条西
北海道,札幌市西区,八軒七条東
北海道,札幌市西区,八軒七条西
北海道,札幌市西区,八軒八条東
北海道,札幌市西区,八軒八条西
北海道,札幌市西区,八軒九条東
北海道,札幌市西区,八軒九条西
北海道,札幌市西区,八軒十条東
北海道,札幌市西区,八軒十条西
北海道,札幌市西区,発寒一条
北海道,札幌市西区,発寒二条
北海道,札幌市西区,発寒三条
北海道,札幌市西区,発寒四条
北海道,札幌市西区,発寒五条
北海道,札幌市西区,発寒六条
北海道,札幌市西区,発寒七条
北海道,札幌市西区,発寒八条
北海道,札幌市西区,発寒九条
北海道,札幌市西区,発寒十条
北海道,札幌市西区,発寒十一条
北海道,札幌市西区,発寒十二条
北海道,札幌市西区,発寒十三条
北海道,札幌市西区,発寒十四条
北海道,札幌市西区,発寒十五条
北海道,札幌市西区,発寒十六条
北海道,札幌市西区,発寒十七条
北海道,札幌市西区,福井
北海道,札幌市西区,平和
北海道,札幌市西区,平和一条
北海道,札幌市西区,平和二条
北海道,札幌市西区,平和三条
北海道,札幌市西区,宮の沢
北海道,札幌市西区,宮の沢一条
北海道,札幌市西区,宮の沢二条
北海道,札幌市西区,宮の沢三条
北海道,札幌市西区,宮の沢四条
北海道,札幌市西区,山の手
北海道,札幌市西区,山の手一条
北海道,札幌市西区,山の手二条
北海道,札幌市西区,山の手三条
北海道,札幌市西区,山の手四条
北海道,札幌市西区,山の手五条
北海道,札幌市西区,山の手六条
北海道,札幌市西区,山の手七条
北海道,札幌市厚別区,指定なし
北海道,札幌市厚別区,青葉町
北海道,札幌市厚別区,厚別北一条
北海道,札幌市厚別区,厚別北二条
北海道,札幌市厚別区,厚別北三条
北海道,札幌市厚別区,厚別北四条
北海道,札幌市厚別区,厚別北五条
北海道,札幌市厚別区,厚別北六条
北海道,札幌市厚別区,厚別中央一条
北海道,札幌市厚別区,厚別中央二条
北海道,札幌市厚別区,厚別中央三条
北海道,札幌市厚別区,厚別中央四条
北海道,札幌市厚別区,厚別中央五条
北海道,札幌市厚別区,厚別町上野幌
北海道,札幌市厚別区,厚別町下野幌
北海道,札幌市厚別区,厚別町小野幌
北海道,札幌市厚別区,厚別町山本
北海道,札幌市厚別区,厚別西
北海道,札幌市厚別区,厚別西一条
北海道,札幌市厚別区,厚別西二条
北海道,札幌市厚別区,厚別西三条
北海道,札幌市厚別区,厚別西四条
北海道,札幌市厚別区,厚別西五条
北海道,札幌市厚別区,厚別東一条
北海道,札幌市厚別区,厚別東二条
北海道,札幌市厚別区,厚別東三条
北海道,札幌市厚別区,厚別東四条
北海道,札幌市厚別区,厚別東五条
北海道,札幌市厚別区,厚別南
北海道,札幌市厚別区,大谷地東
北海道,札幌市厚別区,大谷地西
北海道,札幌市厚別区,上野幌一条
北海道,札幌市厚別区,上野幌二条
北海道,札幌市厚別区,上野幌三条
北海道,札幌市厚別区,下野幌テクノパーク
北海道,札幌市厚別区,もみじ台東
北海道,札幌市厚別区,もみじ台西
北海道,札幌市厚別区,もみじ台南
北海道,札幌市厚別区,もみじ台北
北海道,札幌市手稲区,指定なし
北海道,札幌市手稲区,曙一条
北海道,札幌市手稲区,曙二条
北海道,札幌市手稲区,曙三条
北海道,札幌市手稲区,曙四条
北海道,札幌市手稲区,曙五条
北海道,札幌市手稲区,曙六条
北海道,札幌市手稲区,曙七条
北海道,札幌市手稲区,曙八条
北海道,札幌市手稲区,曙九条
北海道,札幌市手稲区,曙十条
北海道,札幌市手稲区,曙十一条
北海道,札幌市手稲区,曙十二条
北海道,札幌市手稲区,明日風
北海道,札幌市手稲区,稲穂一条
北海道,札幌市手稲区,稲穂二条
北海道,札幌市手稲区,稲穂三条
北海道,札幌市手稲区,稲穂四条
北海道,札幌市手稲区,稲穂五条
北海道,札幌市手稲区,金山一条
北海道,札幌市手稲区,金山二条
北海道,札幌市手稲区,金山三条
北海道,札幌市手稲区,新発寒一条
北海道,札幌市手稲区,新発寒二条
北海道,札幌市手稲区,新発寒三条
北海道,札幌市手稲区,新発寒四条
北海道,札幌市手稲区,新発寒五条
北海道,札幌市手稲区,新発寒六条
北海道,札幌市手稲区,新発寒七条
北海道,札幌市手稲区,手稲稲穂
北海道,札幌市手稲区,手稲金山
北海道,札幌市手稲区,手稲富丘
北海道,札幌市手稲区,手稲星置
北海道,札幌市手稲区,手稲前田
北海道,札幌市手稲区,手稲山口
北海道,札幌市手稲区,手稲本町
北海道,札幌市手稲区,手稲本町一条
北海道,札幌市手稲区,手稲本町二条
北海道,札幌市手稲区,手稲本町三条
北海道,札幌市手稲区,手稲本町四条
北海道,札幌市手稲区,手稲本町五条
北海道,札幌市手稲区,手稲本町六条
北海道,札幌市手稲区,富丘一条
北海道,札幌市手稲区,富丘二条
北海道,札幌市手稲区,富丘三条
北海道,札幌市手稲区,富丘四条
北海道,札幌市手稲区,富丘五条
北海道,札幌市手稲区,富丘六条
北海道,札幌市手稲区,西宮の沢
北海道,札幌市手稲区,西宮の沢一条
北海道,札幌市手稲区,西宮の沢二条
北海道,札幌市手稲区,西宮の沢三条
北海道,札幌市手稲区,西宮の沢四条
北海道,札幌市手稲区,西宮の沢五条
北海道,札幌市手稲区,西宮の沢六条
北海道,札幌市手稲区,星置一条
北海道,札幌市手稲区,星置二条
北海道,札幌市手稲区,星置三条
北海道,札幌市手稲区,星置南
北海道,札幌市手稲区,前田一条
北海道,札幌市手稲区,前田二条
北海道,札幌市手稲区,前田三条
北海道,札幌市手稲区,前田四条
北海道,札幌市手稲区,前田五条
北海道,札幌市手稲区,前田六条
北海道,札幌市手稲区,前田七条
北海道,札幌市手稲区,前田八条
北海道,札幌市手稲区,前田九条
北海道,札幌市手稲区,前田十条
北海道,札幌市手稲区,前田十一条
北海道,札幌市手稲区,前田十二条
北海道,札幌市手稲区,前田十三条
北海道,札幌市清田区,指定なし
北海道,札幌市清田区,有明
北海道,札幌市清田区,美しが丘一条
北海道,札幌市清田区,美しが丘二条
北海道,札幌市清田区,美しが丘三条
北海道,札幌市清田区,美しが丘四条
北海道,札幌市清田区,美しが丘五条
北海道,札幌市清田区,北野一条
北海道,札幌市清田区,北野二条
北海道,札幌市清田区,北野三条
北海道,札幌市清田区,北野四条
北海道,札幌市清田区,北野五条
北海道,札幌市清田区,北野六条
北海道,札幌市清田区,北野七条
北海道,札幌市清田区,清田
北海道,札幌市清田区,清田一条
北海道,札幌市清田区,清田二条
北海道,札幌市清田区,清田三条
北海道,札幌市清田区,清田四条
北海道,札幌市清田区,清田五条
北海道,札幌市清田区,清田六条
北海道,札幌市清田区,清田七条
北海道,札幌市清田区,清田八条
北海道,札幌市清田区,清田九条
北海道,札幌市清田区,清田十条
北海道,札幌市清田区,里塚
北海道,札幌市清田区,里塚一条
北海道,札幌市清田区,里塚二条
北海道,札幌市清田区,里塚三条
北海道,札幌市清田区,里塚四条
北海道,札幌市清田区,里塚緑ケ丘
北海道,札幌市清田区,真栄
北海道,札幌市清田区,真栄一条
北海道,札幌市清田区,真栄二条
北海道,札幌市清田区,真栄三条
北海道,札幌市清田区,真栄四条
北海道,札幌市清田区,真栄五条
北海道,札幌市清田区,真栄六条
北海道,札幌市清田区,平岡
北海道,札幌市清田区,平岡一条
北海道,札幌市清田区,平岡二条
北海道,札幌市清田区,平岡三条
北海道,札幌市清田区,平岡四条
北海道,札幌市清田区,平岡五条
北海道,札幌市清田区,平岡六条
北海道,札幌市清田区,平岡七条
北海道,札幌市清田区,平岡八条
北海道,札幌市清田区,平岡九条
北海道,札幌市清田区,平岡十条
北海道,札幌市清田区,平岡公園
北海道,札幌市清田区,平岡公園東
北海道,函館市,
北海道,小樽市,
北海道,旭川市,
北海道,室蘭市,
北海道,釧路市,
北海道,帯広市,
北海道,北見市,
北海道,夕張市,
北海道,岩見沢市,
北海道,網走市,
北海道,留萌市,
北海道,苫小牧市,
北海道,稚内市,
北海道,美唄市,
北海道,芦別市,
北海道,江別市,
北海道,赤平市,
北海道,紋別市,
北海道,士別市,
北海道,名寄市,
北海道,三笠市,
北海道,根室市,
北海道,千歳市,
北海道,滝川市,
北海道,砂川市,
北海道,歌志内市,
北海道,深川市,
北海道,富良野市,
北海道,登別市,
北海道,恵庭市,
北海道,伊達市,
北海道,北広島市,
北海道,石狩市,
北海道,北斗市,
北海道,石狩郡当別町,
北海道,石狩郡新篠津村,
北海道,松前郡松前町,
北海道,松前郡福島町,
北海道,上磯郡知内町,
北海道,上磯郡木古内町,
北海道,亀田郡七飯町,
北海道,茅部郡鹿部町,
北海道,茅部郡森町,
北海道,二海郡八雲町,
北海道,山越郡長万部町,
北海道,檜山郡江差町,
北海道,檜山郡上ノ国町,
北海道,檜山郡厚沢部町,
北海道,爾志郡乙部町,
北海道,奥尻郡奥尻町,
北海道,瀬棚郡今金町,
北海道,久遠郡せたな町,
北海道,島牧郡島牧村,
北海道,寿都郡寿都町,
北海道,寿都郡黒松内町,
北海道,磯谷郡蘭越町,
北海道,虻田郡ニセコ町,
北海道,虻田郡真狩村,
北海道,虻田郡留寿都村,
北海道,虻田郡喜茂別町,
北海道,虻田郡京極町,
北海道,虻田郡倶知安町,
北海道,岩内郡共和町,
北海道,岩内郡岩内町,
北海道,古宇郡泊村,
北海道,古宇郡神恵内村,
北海道,積丹郡積丹町,
北海道,古平郡古平町,
北海道,余市郡仁木町,
北海道,余市郡余市町,
北海道,余市郡赤井川村,
北海道,空知郡南幌町,
北海道,空知郡奈井江町,
北海道,空知郡上砂川町,
北海道,夕張郡由仁町,
北海道,夕張郡長沼町,
北海道,夕張郡栗山町,
北海道,樺戸郡月形町,
北海道,樺戸郡浦臼町,
北海道,樺戸郡新十津川町,
北海道,雨竜郡妹背牛町,
北海道,雨竜郡秩父別町,
北海道,雨竜郡雨竜町,
北海道,雨竜郡北竜町,
北海道,雨竜郡沼田町,
北海道,上川郡鷹栖町,
北海道,上川郡東神楽町,
北海道,上川郡当麻町,
北海道,上川郡比布町,
北海道,上川郡愛別町,
北海道,上川郡上川町,
北海道,上川郡東川町,
北海道,上川郡美瑛町,
北海道,空知郡上富良野町,
北海道,空知郡中富良野町,
北海道,空知郡南富良野町,
北海道,勇払郡占冠村,
北海道,上川郡和寒町,
北海道,上川郡剣淵町,
北海道,上川郡下川町,
北海道,中川郡美深町,
北海道,中川郡音威子府村,
北海道,中川郡中川町,
北海道,雨竜郡幌加内町,
北海道,増毛郡増毛町,
北海道,留萌郡小平町,
北海道,苫前郡苫前町,
北海道,苫前郡羽幌町,
北海道,苫前郡初山別村,
北海道,天塩郡遠別町,
北海道,天塩郡天塩町,
北海道,宗谷郡猿払村,
北海道,枝幸郡浜頓別町,
北海道,枝幸郡中頓別町,
北海道,枝幸郡枝幸町,
北海道,天塩郡豊富町,
北海道,礼文郡礼文町,
北海道,利尻郡利尻町,
北海道,利尻郡利尻富士町,
北海道,天塩郡幌延町,
北海道,網走郡美幌町,
北海道,網走郡津別町,
北海道,斜里郡斜里町,
北海道,斜里郡清里町,
北海道,斜里郡小清水町,
北海道,常呂郡訓子府町,
北海道,常呂郡置戸町,
北海道,常呂郡佐呂間町,
北海道,紋別郡遠軽町,
北海道,紋別郡湧別町,
北海道,紋別郡滝上町,
北海道,紋別郡興部町,
北海道,紋別郡西興部村,
北海道,紋別郡雄武町,
北海道,網走郡大空町,
北海道,虻田郡豊浦町,
北海道,有珠郡壮瞥町,
北海道,白老郡白老町,
北海道,勇払郡厚真町,
北海道,虻田郡洞爺湖町,
北海道,勇払郡安平町,
北海道,勇払郡むかわ町,
北海道,沙流郡日高町,
北海道,沙流郡平取町,
北海道,新冠郡新冠町,
北海道,浦河郡浦河町,
北海道,様似郡様似町,
北海道,幌泉郡えりも町,
北海道,日高郡新ひだか町,
北海道,河東郡音更町,
北海道,河東郡士幌町,
北海道,河東郡上士幌町,
北海道,河東郡鹿追町,
北海道,上川郡新得町,
北海道,上川郡清水町,
北海道,河西郡芽室町,
北海道,河西郡中札内村,
北海道,河西郡更別村,
北海道,広尾郡大樹町,
北海道,広尾郡広尾町,
北海道,中川郡幕別町,
北海道,中川郡池田町,
北海道,中川郡豊頃町,
北海道,中川郡本別町,
北海道,足寄郡足寄町,
北海道,足寄郡陸別町,
北海道,十勝郡浦幌町,
北海道,釧路郡釧路町,
北海道,厚岸郡厚岸町,
北海道,厚岸郡浜中町,
北海道,川上郡標茶町,
北海道,川上郡弟子屈町,
北海道,阿寒郡鶴居村,
北海道,白糠郡白糠町,
北海道,野付郡別海町,
北海道,標津郡中標津町,
北海道,標津郡標津町,
北海道,目梨郡羅臼町,
